{"t_start": 1512041288.0616808, "gym_version": "0.9.3", "env_id": "StarGunnerNoFrameskip-v4"}
{"r": 42100.0, "l": 12040, "t": 50.605614}
